run_id,label,precision,recall,f1-score,support
1,0.0,0.9,0.7912087912087912,0.8421052631578948,91.0
1,1.0,0.7956989247311828,0.9024390243902439,0.8457142857142856,82.0
1,accuracy,0.8439306358381503,0.8439306358381503,0.8439306358381503,0.8439306358381503
1,macro avg,0.8478494623655914,0.8468239077995176,0.8439097744360902,173.0
1,weighted avg,0.8505624961153584,0.8439306358381503,0.8438158981268199,173.0
