run_id,best_C,best_gamma,best_kernel,accuracy,TN,FP,FN,TP
1,2048.0,3.0517578125e-05,rbf,0.8439306358381503,72,19,8,74
2,2048.0,3.0517578125e-05,rbf,0.8439306358381503,72,19,8,74
3,2048.0,3.0517578125e-05,rbf,0.8439306358381503,72,19,8,74
4,2048.0,3.0517578125e-05,rbf,0.8439306358381503,72,19,8,74
5,2048.0,3.0517578125e-05,rbf,0.8439306358381503,72,19,8,74
6,2048.0,3.0517578125e-05,rbf,0.8439306358381503,72,19,8,74
7,2048.0,3.0517578125e-05,rbf,0.8439306358381503,72,19,8,74
