run_id,best_C,best_gamma,best_kernel,accuracy,TN,FP,FN,TP
1,10922.6875,3.0517578125e-05,rbf,0.8439306358381503,72,19,8,74
2,1057.0625,3.0517578125e-05,rbf,0.8439306358381503,72,19,8,74
3,483.8709677419355,1.0,rbf,0.630057803468208,84,7,57,25
4,528.546370967742,3.0517578125e-05,rbf,0.8439306358381503,72,19,8,74
5,66.09475806451613,3.0517578125e-05,rbf,0.8439306358381503,72,19,8,74
6,924.9203629032259,3.0517578125e-05,rbf,0.8439306358381503,72,19,8,74
7,10922.6875,3.0517578125e-05,rbf,0.8439306358381503,72,19,8,74
